,,,,,,,,,,,,,,,,,,,,,,,,,,,,,,,,,,,,,,,,,,,,,,,,,,,,,,,,,,,,,,,,,,,,,,,
,,,,,,,,,,,,,,,,,,,,,,,,,,,,,,,,,,,,,,,,,,,,,,,,,,,,,,,,,,,,,,,,,,,,,,,
,,PASTA,,,,,,,,Burger with Fries,,,,,,,Pica Pica,,,,,,,Pizza,,,,Wings with Fries,,,,,,,Rice Meals,,,,,,,,,,,Party Trays Small,,,,,,,,,,,,,Party Trays Large,,,,,,,,,,,,
Items,Grams / Pc,Carbonara,Classic Pesto,Cream Black Truffle,Aglio e Olio,Spaghetti with meatballs,Wild Spaghetti,Baked Mac,Lasagna,Fries Solo,Fries Large,Beef Burger Solo,Burger With Fries,Crispy Chicken Burger,Crispy Chicken Burger w/ Fries,Fries W/ Cheesy Beef,Cheese Sticks,Nachos Cheese,Nachos Overload,Nachos in White Sauce,Quesadilla Beef,Quesadilla Mixed Cheese,Quesadilla Salpicao,Classic Meat Pizza,Creamy Spinach Pizza,Truffle Pizza,Triple Cheese Pizza,Buffalo Wings,Soy Garlic Wings,Honey Sriracha Wings,BBQ Wings,Garlic Pamesan Wings,Wings Solo,Chicken Poppers,Buffalo Wings,Soy Garlic Wings,Honey Sriracha Wings,BBQ Wings,Garlic Pamesan Wings,Creamy Beef with Mushroom,Beef Tapa,Chicken Ala King,Steak Burger Au Jus,Swedish Meatballs,Beef Salpicao,Carbonara,Classic Pesto,Cream Black Truffle,Aglio e Olio,Spaghetti with meatballs,Wild Spaghetti,Baked Mac,Lasagna,Buffalo Wings,Soy Garlic Wings,Honey Sriracha Wings,BBQ Wings,Garlic Pamesan Wings,Carbonara,Classic Pesto,Cream Black Truffle,Aglio e Olio,Spaghetti with meatballs,Wild Spaghetti,Baked Mac,Lasagna,Buffalo Wings,Soy Garlic Wings,Honey Sriracha Wings,BBQ Wings,Garlic Pamesan Wings
Butter,225,30.2,,15.1,,,,15.1,15.1,,,,,,,,,,,5,,,,,47,15.1,,,,,,30,,,5,5,5,5,35,5,5,57,25,5,5,90.6,,45.3,,,,45.3,45.3,,,,,90,151,,75.5,,,,75.5,75.5,,,,,150
Onion,1000,26.5,26.5,26.5,,,,,,,,,,,,,,,,16.4,,,,,16.4,26.5,,,,,,,,,,,,,,,,,20,,,79.5,79.5,79.5,,,,,,,,,,,132.5,132.5,132.5,,,,,,,,,,
Ham,250,18.6,18.6,,,,,,,,,,,,,,,,,,,,,,,,,,,,,,,,,,,,,,,,,,,55.8,55.8,,,,,,,,,,,,93,93,,,,,,,,,,,
Ground Chicken Portion,1,1,1,,,,,,,,,,,,,,,,,,,,,,,,,,,,,,,,,,,,,,,,,,,3,3,,,,,,,,,,,,5,5,,,,,,,,,,,
#0 Milk,410,64.6,,,,,47.03,160,240,,,,,,,,,,,,,,,,,,,,,,,,,,,,,,,,,60,,,,193.8,,,,,141.09,480,720,,,,,,323,,,,,235.15,800,1200,,,,,
Wc,370,37.5,37.5,37.5,,,,37.5,37.5,,,,,,,,,,,64.9,,,,,64.9,37.5,,,,,,,,,,,,,,,,50,52,,,112.5,112.5,112.5,,,,112.5,112.5,,,,,,187.5,187.5,187.5,,,,187.5,187.5,,,,,
Mushroom,230,16.4,16.4,,,,,,,,,,,,,,,,,,,,,,,,,,,,,,,,,,,,,,,,14,,,49.2,49.2,,,,,,,,,,,,82,82,,,,,,,,,,,
Spaghetti Pasta Portion,1,1,1,1,1,1,1,,,,,,,,,,,,,,,,,,,,,,,,,,,,,,,,,,,,,,,3,3,3,3,3,3,,,,,,,,5,5,5,5,5,5,,,,,,,
Olive Oil,1000,,19.5,,42.5,,,,,,,,,,,,,,,,,,,,,,,,,,,,,,,,,,,,,,,,,,58.5,,127.5,,,,,,,,,,,97.5,,212.5,0,,,,,,,,
Pesto Sauce,520,,35.3,,,,,,,,,,,,,,,,,,,,,,,,,,,,,,,,,,,,,,,,,,,,105.9,,,,,,,,,,,,,176.5,,,,,,,,,,,
Truffle Sauce,500,,,35.3,,,,,,,,,,,,,,,,,,,,,,35.3,,,,,,,,,,,,,,,,,,,,,,105.9,,,,,,,,,,,,,176.5,,,,,,,,,,
Shrimp,1000,,,,28.4,,,,,,,,,,,,,,,,,,,,,,,,,,,,,,,,,,,,,,,,,,,,85.2,,,,,,,,,,,,,142,,,,,,,,,
Garlic,1000,,,,19.2,,,,,,,,,,,,,,,10.4,,,,,,,,,,,,14,,,,,,,14,,,,,,,,,,57.6,,,,,,,,,42,,,,96,,,,,,,,,70
Spaghetti Sauce Portion,1,,,,,1,1,,,,,,,,,,,,,,,,,,,,,,,,,,,,,,,,,,,,,,,,,,,3,3,,,,,,,,,,,,5,5,,,,,,,
Meatballs ,1,,,,,2,,,,,,,,,,,,,,,,,,,,,,,,,,,,,,,,,,,,,,4,,,,,,6,,,,,,,,,,,,,10,,,,,,,,
Macaroni Pasta Portion,1,,,,,,,1,,,,,,,,,,,,,,,,,,,,,,,,,,,,,,,,,,,,,,,,,,,,3,,,,,,,,,,,,,5,,,,,,
Lasagna Pasta Portion,1,,,,,,,,1,,,,,,,,,,,,,,,,,,,,,,,,,,,,,,,,,,,,,,,,,,,,3,,,,,,,,,,,,,5,,,,,
Fries,1000,,,,,,,,,150,180,,150,,150,150,,,150,,,,,,,,,150,150,150,150,150,,150,,,,,,,,,,,,,,,,,,,,,,,,,,,,,,,,,,,,,
Cheese Sticks Portion,1,,,,,,,,,,,,,,,,1,,,,,,,,,,,,,,,,,,,,,,,,,,,,,,,,,,,,,,,,,,,,,,,,,,,,,,
Nachos Chips Big Pack,800,,,,,,,,,,,,,,,,,100,100,100,,,,,,,,,,,,,,,,,,,,,,,,,,,,,,,,,,,,,,,,,,,,,,,,,,,
Ground Beef Portion,1,,,,,,,,,,,,,,,1,,,1,1,,,,1,,,,,,,,,,,,,,,,,,,,,,,,,,,,,,,,,,,,,,,,,,,,,,,
Cream of Mushroom,62,,,,,,,,,,,,,,,,,,,9.5,,,,,,,,,,,,,,,,,,,,,,,,,,,,,,,,,,,,,,,,,,,,,,,,,,,
Tortilla,1,,,,,,,,,,,,,,,,,,,,1,1,1,1,1,1,1,,,,,,,,,,,,,,,,,,,,,,,,,,,,,,,,,,,,,,,,,,,,
Salpicao Beef Portion,1,,,,,,,,,,,,,,,,,,,,,,1,,,,,,,,,,,,,,,,,,,,,,1,,,,,,,,,,,,,,,,,,,,,,,,,,
Wings Portion,1,,,,,,,,,,,,,,,,,,,,,,,,,,,1,1,1,1,1,1,,1,1,1,1,1,,,,,,,,,,,,,,,3,3,3,3,3,,,,,,,,,5,5,5,5,5
Buffalo Sauce,1000,,,,,,,,,,,,,,,,,,,,,,,,,,,60,,,,,,,60,,,,,,,,,,,,,,,,,,,180,,,,,,,,,,,,,300,,,,
Soy Garlic Sauce,1000,,,,,,,,,,,,,,,,,,,,,,,,,,,,62,,,,,,,62,,,,,,,,,,,,,,,,,,,186,,,,,,,,,,,,,310,,,
Honey Sriracha Sauce,1000,,,,,,,,,,,,,,,,,,,,,,,,,,,,,66,,,,,,,66,,,,,,,,,,,,,,,,,,,198,,,,,,,,,,,,,330,,
BBQ Sauce,1000,,,,,,,,,,,,,,,,,,,,,,,,,,,,,,72,,,,,,,72,,,,,,,,,,,,,,,,,,,216,,,,,,,,,,,,,360,
Chicken Poppers Portion,1,,,,,,,,,,,,,,,,,,,,,,,,,,,,,,,,,1,,,,,,,,,,,,,,,,,,,,,,,,,,,,,,,,,,,,,
Loaf Bread in piece,1,1,1,1,1,,1,,,,,,,,,,,,,,,,,,,,,,,,,,,,,,,,,,,,,,,3,3,3,3,3,3,,,,,,,,,,,,,,,,,,,,
Corn in Can,425,,,,,,,,,,,,,,,,,,,,,,,,,,,,,,,,,,22,22,22,22,22,22,22,22,22,22,22,,,,,,,,,,,,,,,,,,,,,,,,,,
Carrots,1000,,,,,,,,,,,,,,,,,,,,,,,,,,,,,,,,,,19,19,19,19,19,19,19,19,19,19,19,,,,,,,,,,,,,,,,,,,,,,,,,,
Egg Per Piece,1,,,,,,,,,,,,,,,,,,,,,,,,,,,,,,,,,,,,,,,,1,,,,,,,,,,,,,,,,,,,,,,,,,,,,,,
Burger Patty Piece,1,,,,,,,,,,,1,1,,,,,,,,,,,,,,,,,,,,,,,,,,,,,,1,,,,,,,,,,,,,,,,,,,,,,,,,,,,
Cheese Slices,1,,,,,,,,,,,1,1,,,,,,,,,,,,,,,,,,,,,,,,,,,,,,,,,,,,,,,,,,,,,,,,,,,,,,,,,,
Chicken Breast for Ala King and Burger,1,,,,,,,,,,,,,1,1,,,,,,,,,,,,,,,,,,,,,,,,,,,1,,,,,,,,,,,,,,,,,,,,,,,,,,,,,
Bun in Piece,1,,,,,,,,,,,1,1,1,1,,,,,,,,,,,,,,,,,,,,,,,,,,,,,,,,,,,,,,,,,,,,,,,,,,,,,,,,
Creamy Beef Portion,1,,,,,,,,,,,,,,,,,,,,,,,,,,,,,,,,,,,,,,,1,,,,,,,,,,,,,,,,,,,,,,,,,,,,,,,
Beef Tapa Portion,1,,,,,,,,,,,,,,,,,,,,,,,,,,,,,,,,,,,,,,,,1,,,,,,,,,,,,,,,,,,,,,,,,,,,,,,
Mozzarella,1000,,,,,,,,,,,,,,,,,,,,,,,40,40,40,50,,,,,,,,,,,,,,,,,,,,,,,,,,,,,,,,,,,,,,,,,,,,
Cheddar Cheese (Food Service),2000,,,,,,10,,,,,,,,,,,,,,40,40,40,30,30,,30,,,,,,,,,,,,,,,,,,,,,,,,30,,,,,,,,,,,,,50,,,,,,,
Quick Melt,1900,,,,,,,5,10,,,,,,,,,,,,40,40,40,,,,20,,,,,,,,,,,,,,,,,,,,,,,,,,30,,,,,,,,,,,,,50,,,,,
Cream Cheese,1000,,,,,,,,,,,,,,,,,,,,,,,,20,,,,,,,,,,,,,,,,,,,,,,,,,,,,,,,,,,,,,,,,,,,,,,
Pizza Sauce,115,,,,,,,,,,,,,,,,,,,,,,,57.5,,,57.5,,,,,,,,,,,,,,,,,,,,,,,,,,,,,,,,,,,,,,,,,,,,
Olives,480,,,,,,,,,,,,,,,,,,,,,,,14,,,,,,,,,,,,,,,,,,,,,,,,,,,,,,,,,,,,,,,,,,,,,,,
Bell Pepper,1000,,,,,,,,,,,,,,,,,,,,,,,20.3,,,,,,,,,,,,,,,,,,,,,,,,,,,,,,,,,,,,,,,,,,,,,,,
Party Tray Small,1,,,,,,,,,,,,,,,,,,,,,,,,,,,,,,,,,,,,,,,,,,,,,1,1,1,1,1,1,1,1,1,1,1,1,1,,,,,,,,,,,,,
Party Tray Large,1,,,,,,,,,,,,,,,,,,,,,,,,,,,,,,,,,,,,,,,,,,,,,,,,,,,,,,,,,,1,1,1,1,1,1,1,1,1,1,1,1,1
beef for quesadilla portion,,,,,,,,,,,,,,,,,,,,,1,,,,,,,,,,,,,,,,,,,,,,,,,,,,,,,,,,,,,,,,,,,,,,,,,,